﻿Designator,Footprint,Quantity,Value,LCSC Part #
ANT1,Antenna 2.4GHz Inverted-F Meandered,1,2.4 GHz,
C1,1206,1,1uF,
"C10, C11, C12, C13, C16, C18, C19, C28, C30, C32, C33, C41, C42, C43, C9",0402,15,100nF,
"C14, C15, C17, C29, C31, C44",0603,6,10u,
"C2, C4, C5",0603,3,1uF,
"C21, C22, C23, C24, C25, C26, C34, C6, C7",0402,9,1uF,
C27,0402,1,10u,
C3,1206,1,10uF,
"C35, C36",0402,2,18pF,
"C37, C38",0402,2,3.3pF,
"C39, C40",0402,2,10nF,
C8,0603,1,10uF,
D1,0805,1,LED_BLUE,
D2,0805,1,LED_3V3,
D3,0805,1,LED_GREEN,
J1,Jack_3.5mm_KoreanHropartsElec_PJ-320D-4A_Horizontal,1,AudioJack4_Ground,
J2,USB_C_Receptacle_GCT_USB4110,1,USB_C_Receptacle_USB2.0,
L1,0402,1,2.2nH,
MK1,ICS40720,1,ICS-40720,
Q1,SOT-363_SC-70-6,1,UMH3N,
"R1, R11, R2",0402,3,10k,
"R10, R7, R8, R9",0402,4,10R,
"R12, R18, R23, R6",0402,4,1k,
R13,0402,1,0R,
"R19, R20, R24, R25",0402,4,4k7,
"R21, R22",0402,2,2k2,
"R4, R5",0402,2,5k1,
TP1,TestPoint_Pad_2x1_D1.0mm,1,TEST_EN,
"TP10, TP11, TP12",TestPoint_Pad_D1.0mm,3,TEST_GND,
TP13,TestPoint_Pad_D1.0mm,1,TEST_1V8,
TP14,TestPoint_Pad_D1.0mm,1,TEST_I2C_AD,
TP15,TestPoint_Pad_D1.0mm,1,TEST_I2C_CLK,
TP2,TestPoint_Pad_D1.0mm,1,TEST_3V3,
TP3,TestPoint_Pad_2x1_D1.0mm,1,TEST_BOOT,
TP4,TestPoint_Pad_D1.0mm,1,TEST_GPIO2,
TP5,TestPoint_Pad_2x1_D1.0mm,1,TEST_IN_2,
TP6,TestPoint_Pad_2x1_D1.0mm,1,TEST_OUT_2,
TP7,TestPoint_Pad_2x1_D1.0mm,1,TEST_MIC_1,
TP8,TestPoint_Pad_D1.0mm,1,TEST_I2C_DATA,
TP9,TestPoint_Pad_D1.0mm,1,TEST_VDD_SDIO,
U1,QFN-48-1EP_5x5mm_P0.35mm_EP3.7x3.7mm_ThermalVias,1,ESP32D0WD-V3,
U2,SSOP-10-1EP_3.9x4.9mm_P1mm_EP2.1x3.3mm,1,CH340K,
U3,SOT-23-5,1,TLV71318PDBV,
U4,QFN-28-1EP_4x4mm_P0.4mm_EP2.3x2.3mm,1,ES8388,
U5,SOT-23-6,1,USBLC6-2SC6,
U6,WSON-8-1EP_6x5mm_P1.27mm_EP3.4x4.3mm,1,W25Q32JVZP,
U7,SOT-223-3_TabPin2,1,NCP1117-3.3_SOT223,
Y1,Crystal_SMD_SeikoEpson_FA128-4Pin_2.0x1.6mm,1,Crystal 40 MHz 10pF,
